{
  "obs_cols": [
    "base_ang_vel_x",
    "base_ang_vel_y",
    "base_ang_vel_z",
    "gravity_x",
    "gravity_y",
    "gravity_z",
    "cmd_scaled_0",
    "cmd_scaled_1",
    "cmd_scaled_2",
    "qj_norm_0",
    "qj_norm_1",
    "qj_norm_2",
    "qj_norm_3",
    "qj_norm_4",
    "qj_norm_5",
    "qj_norm_6",
    "qj_norm_7",
    "qj_norm_8",
    "qj_norm_9",
    "qj_norm_10",
    "qj_norm_11",
    "dqj_norm_0",
    "dqj_norm_1",
    "dqj_norm_2",
    "dqj_norm_3",
    "dqj_norm_4",
    "dqj_norm_5",
    "dqj_norm_6",
    "dqj_norm_7",
    "dqj_norm_8",
    "dqj_norm_9",
    "dqj_norm_10",
    "dqj_norm_11",
    "prev_action_0",
    "prev_action_1",
    "prev_action_2",
    "prev_action_3",
    "prev_action_4",
    "prev_action_5",
    "prev_action_6",
    "prev_action_7",
    "prev_action_8",
    "prev_action_9",
    "prev_action_10",
    "prev_action_11",
    "phase_sin",
    "phase_cos"
  ],
  "act_cols": [
    "action_0",
    "action_1",
    "action_2",
    "action_3",
    "action_4",
    "action_5",
    "action_6",
    "action_7",
    "action_8",
    "action_9",
    "action_10",
    "action_11"
  ],
  "x_mean": [
    0.00013493088772520423,
    -0.008128666318953037,
    0.023163216188549995,
    -0.010875835083425045,
    -0.0006222810479812324,
    -0.9982858300209045,
    1.2893431186676025,
    0.0,
    0.01047070138156414,
    -0.1338285356760025,
    -0.040452416986227036,
    0.020317036658525467,
    0.3676717281341553,
    -0.18936951458454132,
    0.03802574798464775,
    -0.16586165130138397,
    0.03538211062550545,
    -0.03278502821922302,
    0.372409462928772,
    -0.15380942821502686,
    -0.02963518351316452,
    0.0003495177661534399,
    -6.85297345626168e-05,
    0.0001806491200113669,
    0.000762485433369875,
    -0.0019924496300518513,
    0.0006094893324188888,
    0.0004163828562013805,
    6.656759069301188e-05,
    -0.00022015631839167327,
    0.00023586361203342676,
    -0.0012560568284243345,
    -0.0005403838586062193,
    -0.5200468301773071,
    0.15853504836559296,
    -0.09998880326747894,
    1.275766372680664,
    -0.2387402355670929,
    0.3522043228149414,
    -0.60066819190979,
    -0.20894022285938263,
    0.06535789370536804,
    1.2960962057113647,
    -0.11460165679454803,
    -0.2323533296585083,
    0.00010514395398786291,
    7.639181421836838e-05
  ],
  "x_std": [
    0.42421862483024597,
    0.11986365914344788,
    0.3490179479122162,
    0.015483557246625423,
    0.05535634607076645,
    0.0016901872586458921,
    0.37661463022232056,
    9.999999974752427e-07,
    0.09045734256505966,
    0.13661301136016846,
    0.03803699463605881,
    0.04974236339330673,
    0.14598408341407776,
    0.11840342730283737,
    0.04213517904281616,
    0.15756943821907043,
    0.0331898108124733,
    0.04207625612616539,
    0.1600416749715805,
    0.09653882682323456,
    0.05006609112024307,
    0.055250078439712524,
    0.018270429223775864,
    0.028263594955205917,
    0.0857442319393158,
    0.07664019614458084,
    0.02109004370868206,
    0.06430256366729736,
    0.017194075509905815,
    0.03012966737151146,
    0.08901114761829376,
    0.06650460511445999,
    0.023975905030965805,
    0.4738970696926117,
    0.5562351942062378,
    0.4172701835632324,
    0.7557306289672852,
    1.1825774908065796,
    0.4196203351020813,
    0.5771933794021606,
    0.5713101625442505,
    0.35739001631736755,
    0.8271507024765015,
    1.1503957509994507,
    0.37676382064819336,
    0.7071170210838318,
    0.7070985436439514
  ],
  "seq_len": [
    48
  ],
  "hidden": [
    256
  ],
  "layers": [
    1
  ]
}